City,Cloudiness,Country,Date,Humidity,Lat,Lng,Max Temp,Wind Speed
Saldanha,0,ZA,1579902556,82,-33.01,17.94,66.2,5.82
Itarema,41,BR,1579902556,68,-2.92,-39.92,81.05,7.99
Bitung,20,ID,1579902556,94,1.45,125.18,73.4,0.63
Laguna,1,US,1579902556,82,38.42,-121.42,66.99,4.7
Mataura,98,NZ,1579902556,95,-46.19,168.86,59.0,10.0
Shingu,76,JP,1579902556,67,33.73,135.98,48.45,8.28
Seoul,20,KR,1579902557,92,37.57,126.98,33.8,3.36
Luderitz,0,NA,1579902557,88,-26.65,15.16,68.0,5.82
Punta Arenas,90,CL,1579902419,87,-53.15,-70.92,46.4,9.17
Ribeira Grande,75,PT,1579902557,82,38.52,-28.7,57.2,5.82
Yellowknife,75,CA,1579902268,84,62.46,-114.35,5.0,9.17
Nyurba,99,RU,1579902557,95,63.28,118.33,-29.76,6.71
Chapleau,90,CA,1579902557,86,47.84,-83.4,30.2,6.93
Atuona,21,PF,1579902557,75,-9.8,-139.03,80.71,12.15
Hilo,90,US,1579902511,61,19.73,-155.09,80.6,11.41
Nanortalik,100,GL,1579902558,79,60.14,-45.24,23.25,25.46
Kailua,20,US,1579902558,65,21.4,-157.74,80.01,5.82
Mana,44,GF,1579902558,72,5.66,-53.78,80.2,5.75
Sao Miguel do Araguaia,100,BR,1579902558,92,-13.28,-50.16,75.7,5.59
Myitkyina,0,MM,1579902558,87,25.38,97.4,49.23,3.96
Cape Town,75,ZA,1579902307,100,-33.93,18.42,68.0,9.17
Dharchula,0,IN,1579902558,24,29.85,80.53,29.14,11.32
Busselton,37,AU,1579902559,61,-33.65,115.33,60.01,8.9
Szczytno,90,PL,1579902559,100,53.56,20.99,35.6,8.05
Butaritari,100,KI,1579902559,71,3.07,172.79,84.31,5.32
Bredasdorp,28,ZA,1579902559,88,-34.53,20.04,68.0,1.12
Kodinsk,100,RU,1579902559,94,58.69,99.18,23.68,7.54
Hithadhoo,67,MV,1579902559,77,-0.6,73.08,83.57,11.56
Atikokan,98,CA,1579902559,92,48.76,-91.62,27.81,4.09
Codrington,67,AU,1579902559,88,-38.27,141.97,60.62,16.82
Kurilsk,68,RU,1579902559,87,45.23,147.88,16.97,27.89
Esim,49,GH,1579902560,82,4.87,-2.24,80.35,3.65
Vao,28,NC,1579902560,81,-22.67,167.48,76.87,19.28
Kununurra,75,AU,1579902560,94,-15.77,128.73,82.4,5.1
Avarua,90,CK,1579902560,88,-21.21,-159.78,80.6,8.05
Bambous Virieux,75,MU,1579902560,100,-20.34,57.76,78.8,14.99
Hong Kong,40,HK,1579902533,88,22.29,114.16,71.01,11.41
Hambantota,0,LK,1579902560,76,6.12,81.12,79.9,23.42
Vaini,20,TO,1579902561,78,-21.2,-175.2,82.4,12.75
Hobart,75,AU,1579902302,51,-42.88,147.33,63.0,16.11
Albany,75,US,1579902339,41,42.6,-73.97,46.0,4.7
Ushuaia,40,AR,1579902561,54,-54.8,-68.3,55.4,6.98
Goundam,33,ML,1579902561,11,16.41,-3.67,77.16,11.61
Akdagmadeni,10,TR,1579902561,86,39.66,35.88,7.38,2.13
Tuatapere,100,NZ,1579902561,95,-46.13,167.68,59.0,10.0
Rikitea,0,PF,1579902413,76,-23.12,-134.97,78.39,16.31
Ukiah,40,US,1579902562,82,39.15,-123.21,61.0,4.7
Tessalit,100,ML,1579902562,11,20.2,1.01,78.13,11.34
Masuri,75,KR,1579902562,86,35.85,128.15,42.8,2.24
Brae,100,GB,1579902562,93,60.4,-1.35,44.6,10.29
Nikolskoye,40,RU,1579902562,86,59.7,30.79,35.01,13.42
George Town,20,MY,1579902562,73,5.41,100.34,80.6,2.24
San Quintin,100,MX,1579902563,69,30.48,-115.95,63.32,7.76
Green River,20,US,1579902338,80,41.53,-109.47,37.99,18.34
Talnakh,100,RU,1579902563,77,69.49,88.4,5.0,15.66
Nizhniy Kuranakh,93,RU,1579902563,96,58.84,125.49,-30.39,2.39
Nortelandia,44,BR,1579902563,69,-14.45,-56.8,85.57,3.27
Neuquen,0,AR,1579902563,16,-38.95,-68.06,93.2,10.29
Jamestown,90,US,1579902415,80,42.1,-79.24,45.0,10.29
Navahrudak,100,BY,1579902564,91,53.6,25.83,34.43,14.92
Chicama,40,PE,1579902564,78,-7.84,-79.15,78.8,13.87
Carnarvon,0,AU,1579902564,69,-24.87,113.63,75.2,11.41
Solnechnyy,73,RU,1579902564,76,50.72,136.63,-14.26,3.8
Constitucion,0,CL,1579902564,46,-35.33,-72.42,68.68,13.98
Husavik,100,IS,1579902564,86,66.04,-17.34,28.4,12.75
Beringovskiy,100,RU,1579902565,97,63.05,179.32,2.44,9.44
Qaanaaq,0,GL,1579902565,52,77.48,-69.36,-8.28,9.48
Provideniya,94,RU,1579902565,97,64.38,-173.3,-9.83,4.97
Bluff,100,NZ,1579902565,95,-46.6,168.33,59.0,10.0
Portland,90,US,1579902315,76,45.52,-122.68,55.99,5.82
Iquique,90,CL,1579902565,94,-20.22,-70.14,73.4,6.93
Llangefni,24,GB,1579902565,93,53.26,-4.31,45.0,10.29
Saint-Joseph,100,RE,1579902566,100,-21.37,55.62,80.6,23.04
San Rafael del Sur,20,NI,1579902566,43,11.85,-86.44,89.6,9.17
Washington,90,US,1579902548,100,47.5,-120.5,42.01,6.93
Hermanus,0,ZA,1579902566,92,-34.42,19.23,66.0,1.99
Mora,0,CM,1579902566,17,11.05,14.14,58.19,5.12
Ilulissat,100,GL,1579902566,61,69.22,-51.1,17.6,14.99
Belaya Gora,84,RU,1579902566,89,68.53,146.42,-34.35,1.3
Santa Vitoria do Palmar,0,BR,1579902566,52,-33.52,-53.37,80.91,7.31
Rawson,100,AR,1579902567,43,-43.3,-65.1,73.94,16.2
Arraial do Cabo,75,BR,1579902567,83,-22.97,-42.03,75.2,4.7
Saravan,40,AM,1579902567,54,39.72,45.65,28.4,9.17
Merauke,78,ID,1579902551,96,-8.47,140.33,74.52,7.34
Upernavik,73,GL,1579902567,96,72.79,-56.15,-13.31,5.01
Kutum,0,SD,1579902567,22,14.2,24.67,47.03,8.57
Ronne,100,DK,1579902568,100,55.1,14.71,41.0,20.8
Lompoc,1,US,1579902519,52,34.64,-120.46,73.4,3.36
Marghita,33,RO,1579902568,92,47.35,22.33,27.0,1.12
Santa Maria,0,BR,1579902568,54,-29.68,-53.81,82.4,8.05
West Fargo,90,US,1579902438,86,46.88,-96.9,28.0,4.7
Talas,0,TR,1579902568,78,38.69,35.55,17.6,3.36
Ostrovnoy,100,RU,1579902568,92,68.05,39.51,12.25,8.7
Hofn,100,IS,1579902569,93,64.25,-15.21,34.07,23.69
Coquimbo,1,CL,1579902396,60,-29.95,-71.34,73.4,13.87
Tiksi,0,RU,1579902569,88,71.69,128.87,-32.46,5.86
Aviles,75,ES,1579902569,87,43.55,-5.92,53.01,4.7
Egvekinot,43,RU,1579902569,92,66.32,-179.17,-10.34,3.94
Pachmarhi,2,IN,1579902569,63,22.47,78.43,56.79,0.2
Hamilton,75,US,1579902521,81,39.18,-84.53,48.2,10.29
Bethel,1,US,1579902569,33,41.37,-73.41,46.99,5.82
Multan,0,PK,1579902569,82,30.2,71.48,55.4,5.91
Kodiak,90,US,1579902570,61,57.79,-152.41,17.6,13.87
Vostok,77,RU,1579902570,98,46.49,135.88,-16.19,5.23
Sur,35,OM,1579902570,76,22.57,59.53,68.16,2.42
Port Elizabeth,21,ZA,1579902396,78,-33.92,25.57,71.6,6.93
Mopti,98,ML,1579902570,19,14.67,-4.0,80.6,4.7
Aklavik,90,CA,1579902570,76,68.22,-135.01,-4.0,13.87
Lavrentiya,0,RU,1579902570,78,65.58,-171.0,-16.02,3.58
Guerrero Negro,100,MX,1579902570,43,27.98,-114.06,69.17,9.78
Wucheng,100,CN,1579902571,96,29.6,118.17,40.64,7.31
Lebu,0,CL,1579902571,37,-37.62,-73.65,68.14,12.64
Thinadhoo,70,MV,1579902571,80,0.53,72.93,82.63,16.46
Saskylakh,100,RU,1579902571,91,71.92,114.08,-27.15,24.07
Cidreira,0,BR,1579902571,77,-30.18,-50.21,73.9,12.55
Putatan,75,MY,1579902571,83,5.93,116.06,75.2,5.82
Marzuq,100,YE,1579902571,69,14.4,46.47,66.79,1.36
Broome,90,US,1579902571,39,42.25,-75.83,48.2,9.17
Cherskiy,14,RU,1579902572,99,68.75,161.3,-39.3,3.18
Batagay-Alyta,0,RU,1579902572,58,67.8,130.41,-34.46,3.0
Sandakan,20,MY,1579902572,88,5.84,118.12,80.6,5.82
Urengoy,90,RU,1579902572,96,65.97,78.37,10.69,4.88
'Ewa Beach,1,US,1579902572,61,21.32,-158.01,80.01,5.82
Puerto Ayora,20,EC,1579902572,58,-0.74,-90.35,86.0,19.46
Olafsvik,100,IS,1579902572,78,64.89,-23.71,31.12,18.97
Campina Grande do Sul,75,BR,1579902572,72,-25.31,-49.06,68.0,19.46
Castro,2,BR,1579902572,77,-24.79,-50.01,68.56,5.59
Mikuni,20,JP,1579902573,59,36.22,136.15,37.4,17.22
Panzhihua,22,CN,1579902573,91,26.59,101.71,34.77,1.21
Kavieng,17,PG,1579902573,69,-2.57,150.8,83.05,8.16
Barrow,1,US,1579902301,82,71.29,-156.79,-25.6,9.17
Amapa,40,BR,1579902573,92,1.0,-52.0,77.56,5.53
Avallon,4,FR,1579902573,88,47.48,3.9,38.61,3.2
Los Llanos de Aridane,1,ES,1579902574,55,28.66,-17.92,62.6,6.93
Huilong,100,CN,1579902574,91,31.81,121.66,46.99,12.33
Port Hedland,0,AU,1579902574,94,-20.32,118.57,78.8,2.24
Saint-Philippe,72,RE,1579902574,100,-21.36,55.77,80.6,23.04
Finschhafen,68,PG,1579902574,75,-6.6,147.87,83.61,7.67
Nhulunbuy,40,AU,1579902574,88,-12.23,136.77,80.6,6.93
Praia,30,CV,1579902574,53,14.92,-23.51,75.2,18.34
Bud,90,US,1579902575,93,39.45,-86.18,43.0,9.17
La Ronge,20,CA,1579902575,68,55.1,-105.28,28.4,3.36
Evinayong,30,GQ,1579902575,98,1.44,10.55,69.89,2.35
Kafanchan,0,NG,1579902575,11,9.58,8.3,66.7,9.26
Leninskoye,0,RU,1579902575,85,47.94,132.62,-9.99,5.35
Vodnyy,81,RU,1579902575,98,63.5,53.41,-6.75,3.94
Kapaa,1,US,1579902431,69,22.08,-159.32,77.0,3.36
Holme,50,DK,1579902576,93,56.11,10.17,42.8,9.17
Saint Anthony,90,US,1579902576,86,45.02,-93.22,33.8,9.17
Key Largo,40,US,1579902431,61,25.09,-80.45,77.0,5.82
Panama,40,PA,1579902576,55,8.99,-79.52,88.0,12.75
Umm Lajj,0,SA,1579902576,64,25.02,37.27,56.53,8.75
Tiznit,87,MA,1579902576,71,29.58,-9.5,52.18,1.9
Srandakan,95,ID,1579902576,89,-7.94,110.25,75.38,2.46
Thompson,40,CA,1579902576,79,55.74,-97.86,19.4,6.93
North Bend,90,US,1579902335,82,43.41,-124.22,57.99,9.17
Panuco,90,MX,1579902577,83,22.05,-98.17,71.6,23.04
Dembi Dolo,11,ET,1579902577,39,8.53,34.8,66.9,2.95
Bakchar,100,RU,1579902577,93,57.02,82.07,28.85,7.38
Kaura Namoda,0,NG,1579902577,13,12.59,6.58,68.83,11.34
Hammerfest,75,NO,1579902577,92,70.66,23.68,32.0,23.04
Bariloche,75,AR,1579902577,30,-41.15,-71.31,69.8,23.04
Rafai,96,CF,1579902577,26,4.95,23.92,68.94,3.04
Whitehorse,90,CA,1579902328,78,60.72,-135.05,9.0,8.05
Dunedin,100,NZ,1579902519,69,-45.87,170.5,69.01,12.82
Diu,19,IN,1579902578,63,20.71,70.98,74.41,5.06
Linxia,2,CN,1579902578,73,35.6,103.21,17.15,1.14
Broken Hill,0,AU,1579902578,45,-31.95,141.43,64.4,4.7
Tuktoyaktuk,90,CA,1579902578,77,69.45,-133.04,-2.2,14.99
Martapura,82,ID,1579902578,100,-3.42,114.85,77.0,2.24
Porto Walter,100,BR,1579902579,68,-8.27,-72.74,82.74,1.72
Sandwick,40,GB,1579902327,81,60.0,-1.25,44.6,17.22
Bolotnoye,100,RU,1579902579,96,55.67,84.4,27.59,14.07
Karratha,19,AU,1579902579,77,-20.74,116.85,84.06,13.73
Chokurdakh,0,RU,1579902579,93,70.63,147.92,-35.07,4.14
Sola,19,VU,1579902579,94,-13.88,167.55,82.4,3.36
Havre-Saint-Pierre,1,CA,1579902579,47,50.23,-63.6,12.2,5.82
Madimba,90,TZ,1579902579,100,-10.4,40.33,75.2,2.95
Half Moon Bay,90,US,1579902579,77,37.46,-122.43,66.99,5.82
Ponta do Sol,20,PT,1579902580,58,32.67,-17.1,59.0,4.7
Mahebourg,75,MU,1579902580,100,-20.41,57.7,78.8,14.99
Ceres,1,US,1579902580,59,37.59,-120.96,66.99,10.29
Yangi Marg`ilon,40,UZ,1579902580,59,40.43,71.72,37.4,4.7
Port Alfred,78,ZA,1579902580,71,-33.59,26.89,73.99,4.0
Atar,100,MR,1579902580,17,20.52,-13.05,74.79,6.91
Port Lincoln,0,AU,1579902580,84,-34.73,135.87,61.38,8.14
Alpena,90,US,1579902581,86,45.06,-83.43,36.0,16.11
New Norfolk,75,AU,1579902581,51,-42.78,147.06,63.0,16.11
Parkes,0,AU,1579902581,27,-33.13,148.18,69.39,7.18
Adrar,21,MR,1579902581,30,20.5,-10.07,75.52,9.46
Katsina,0,NG,1579902581,13,12.99,7.6,67.62,13.04
Bilma,0,NE,1579902581,12,18.69,12.92,64.38,8.88
Severo-Kuril'sk,77,RU,1579902581,88,50.68,156.12,14.4,30.6
Longyearbyen,20,SJ,1579902581,49,78.22,15.64,3.2,38.03
Erzincan,0,TR,1579902582,53,39.75,39.5,21.2,5.5
Esperance,75,AU,1579902582,93,-33.87,121.9,60.8,9.17
Jaguarari,100,BR,1579902582,61,-10.26,-40.2,77.5,1.74
Uberaba,75,BR,1579902582,100,-19.75,-47.93,69.8,9.17
Key West,90,US,1579902582,73,24.56,-81.78,73.4,2.64
Mount Gambier,75,AU,1579902582,93,-37.83,140.77,60.8,8.05
Coahuayana Viejo,40,MX,1579902582,51,18.73,-103.68,80.6,11.41
Shimoda,100,JP,1579902583,81,34.67,138.95,48.0,24.83
Otuzco,40,PE,1579902583,78,-7.9,-78.58,78.8,13.87
Changli,15,CN,1579902583,75,39.7,119.15,23.05,4.47
Denham Springs,1,US,1579902371,43,30.49,-90.96,66.2,8.05
Pisco,75,PE,1579902583,30,-13.7,-76.22,73.99,11.41
Kiryat Gat,20,IL,1579902305,87,31.61,34.76,46.0,3.36
Necochea,0,AR,1579902583,85,-38.55,-58.74,71.01,7.0
Katsuura,75,JP,1579902583,45,35.13,140.3,46.4,13.87
Tual,99,ID,1579902584,73,-5.67,132.75,83.55,7.54
Santa Rosalia,95,MX,1579902584,35,27.32,-112.28,68.23,3.98
Waddan,3,LY,1579902584,32,29.16,16.14,57.72,9.08
Vila Velha,90,BR,1579902584,94,-20.33,-40.29,78.01,14.99
Bengkulu,100,ID,1579902584,96,-3.8,102.27,74.12,4.92
Bathsheba,75,BB,1579902584,78,13.22,-59.52,80.6,11.41
Marataizes,100,BR,1579902584,98,-21.04,-40.82,73.87,4.25
Kahului,20,US,1579902584,61,20.89,-156.47,80.6,5.82
Loiza,75,PR,1579902507,78,18.43,-65.88,79.0,8.05
Boves,40,IT,1579902585,81,44.33,7.55,50.0,14.99
Yanji,65,CN,1579902585,76,42.91,129.51,3.15,1.19
East London,93,ZA,1579902293,80,-33.02,27.91,75.58,10.0
Oum Hadjer,0,TD,1579902585,12,13.3,19.7,64.35,14.92
Flin Flon,40,CA,1579902585,92,54.77,-101.86,23.0,10.29
San Patricio,20,MX,1579902585,62,19.22,-104.7,86.0,11.41
Ocampo,72,MX,1579902586,38,21.65,-101.5,62.24,7.29
Fortuna,20,US,1579902586,63,40.6,-124.16,62.6,5.82
Sovetskiy,48,RU,1579902586,94,61.36,63.58,2.53,3.69
Chui,0,UY,1579902586,52,-33.7,-53.46,80.91,7.31
Midland,1,US,1579902415,44,32.0,-102.08,62.01,9.17
Torbay,40,CA,1579902586,68,47.67,-52.73,27.0,12.75
Kortkeros,90,RU,1579902586,92,61.81,51.58,17.6,6.71
Chunskiy,100,RU,1579902586,84,56.08,99.63,25.23,6.87
Tilichiki,100,RU,1579902586,85,60.47,166.1,24.55,17.76
Ahipara,0,NZ,1579902587,83,-35.17,173.17,82.99,5.93
Ugoofaaru,100,MV,1579902587,77,5.67,73.0,82.4,15.39
Atsipopoulo,20,GR,1579902587,93,35.35,24.43,46.99,3.09
Macklin,100,CA,1579902587,88,52.33,-109.93,32.38,4.29
Canico,20,PT,1579902587,58,32.63,-16.85,59.0,4.7
Ust'-Barguzin,64,RU,1579902587,88,53.45,108.98,-5.85,4.65
San Andres,20,CO,1579902417,61,12.58,-81.7,82.4,9.17
Kerema,74,PG,1579902587,73,-7.96,145.78,77.54,2.98
Maniitsoq,100,GL,1579902588,77,65.42,-52.9,11.8,11.23
Chabua,0,IN,1579902588,83,27.48,95.17,53.33,2.28
Bandarbeyla,100,SO,1579902588,84,9.49,50.81,79.11,18.86
Sitka,90,US,1579902588,86,57.05,-135.33,33.8,5.82
Kitob,52,UZ,1579902588,62,39.08,66.83,32.34,4.81
Ucluelet,75,CA,1579902588,93,48.93,-125.55,50.0,11.41
Kumul,0,CN,1579902588,49,42.8,93.45,14.25,0.27
Makakilo City,1,US,1579902588,61,21.35,-158.09,80.01,5.82
Norman Wells,90,CA,1579902588,76,65.28,-126.83,-5.8,6.93
Mossamedes,21,AO,1579902589,79,-15.2,12.15,74.66,10.65
Datong,4,CN,1579902589,80,40.09,113.29,13.1,2.93
Gramsh,0,AL,1579902589,64,40.87,20.18,44.22,3.31
Basoko,100,CD,1579902589,34,1.24,23.62,71.83,1.1
Lagoa,100,PT,1579902589,74,39.05,-27.98,59.25,13.65
La Romana,75,DO,1579902589,100,18.43,-68.97,77.0,5.37
Te Anau,100,NZ,1579902506,98,-45.42,167.72,58.44,1.19
Newport,90,GB,1579902589,93,51.59,-3.0,44.01,3.36
Qorveh,100,IR,1579902590,92,35.17,47.8,20.93,3.2
Mykhaylivka,75,UA,1579902590,64,47.27,35.22,35.6,15.66
Isangel,40,VU,1579902590,83,-19.55,169.27,80.6,6.93
Cervantes,0,AR,1579902590,16,-39.05,-67.38,93.2,10.29
Cherusti,100,RU,1579902590,96,55.55,40.01,35.33,9.89
Balabac,0,PH,1579902590,82,7.99,117.06,79.52,7.47
Wau,0,SS,1579902590,18,7.7,28.0,69.1,6.02
Waingapu,15,ID,1579902591,72,-9.66,120.26,83.1,2.98
Daru,77,PG,1579902591,86,-9.08,143.21,76.26,2.98
Avera,90,US,1579902591,93,33.19,-82.53,64.0,5.82
Kuusamo,90,FI,1579902591,92,65.97,29.18,10.4,3.36
Gizo,26,SB,1579902591,84,-8.1,156.84,79.54,6.85
Belgrade,0,RS,1579902448,86,44.8,20.47,26.6,4.7
Burnie,99,AU,1579902591,94,-41.07,145.92,57.99,5.01
Popondetta,100,PG,1579902592,91,-8.75,148.25,74.8,2.98
Vilyuysk,52,RU,1579902592,98,63.76,121.62,-42.32,7.0
Pangnirtung,20,CA,1579902592,66,66.15,-65.71,-29.2,2.55
Poretskoye,100,RU,1579902592,92,55.2,46.33,24.53,14.36
Clyde River,75,CA,1579902592,75,70.47,-68.59,-18.4,4.7
Dikson,100,RU,1579902592,96,73.51,80.55,-5.03,10.58
Mareeba,90,AU,1579902592,94,-17.0,145.43,78.01,3.36
Atbasar,97,KZ,1579902592,95,51.8,68.33,14.04,9.98
Nicoya,20,CR,1579902593,46,10.15,-85.45,91.4,10.29
Korla,84,CN,1579902593,83,41.76,86.15,11.52,1.23
Maceio,75,BR,1579902593,78,-9.67,-35.74,80.6,8.05
Flinders,75,AU,1579902593,100,-34.58,150.86,75.99,5.82
Emba,81,KZ,1579902593,97,48.83,58.14,5.49,9.35
Deputatsky,0,RU,1579902593,96,69.3,139.9,-36.89,1.34
Beisfjord,40,NO,1579902593,100,68.38,17.6,25.0,9.17
Taltal,8,CL,1579902593,70,-25.4,-70.48,73.51,6.67
Khatanga,81,RU,1579902594,89,71.97,102.5,-25.78,8.75
Fonte Boa,100,BR,1579902594,83,-2.5,-66.27,77.29,6.11
Kota Belud,75,MY,1579902594,83,6.35,116.43,75.2,5.82
Christiansburg,90,US,1579902594,100,37.13,-80.41,48.0,9.17
Santa Catalina,90,PH,1579902594,94,9.33,122.86,80.6,2.24
Novikovo,100,RU,1579902594,93,51.15,37.89,30.52,17.02
Pedernales,40,DO,1579902594,69,18.04,-71.74,80.6,11.41
Eureka,20,US,1579902595,63,40.8,-124.16,62.6,5.82
Hof,90,DE,1579902595,100,50.32,11.92,32.0,6.85
Lodwar,98,KE,1579902595,42,3.12,35.6,85.73,10.8
Magadan,0,RU,1579902595,76,59.57,150.8,-18.09,11.56
Dudinka,100,RU,1579902595,77,69.41,86.18,5.0,15.66
Mayo,40,US,1579902595,71,38.89,-76.51,52.0,9.17
Forestville,90,US,1579902596,61,38.85,-76.88,52.0,3.36
Port Macquarie,90,AU,1579902336,94,-31.43,152.92,80.01,1.12
Millinocket,1,US,1579902596,59,45.66,-68.71,34.0,3.36
Kulhudhuffushi,75,MV,1579902596,74,6.62,73.07,81.99,4.59
Yamada,0,JP,1579902596,56,39.47,141.95,26.98,6.62
Geraldton,33,AU,1579902596,77,-28.77,114.6,62.6,10.29
Souillac,75,MU,1579902596,100,-20.52,57.52,78.8,14.99
Rabo de Peixe,75,PT,1579902596,71,37.8,-25.58,55.4,5.82
'Ahuimanu,20,US,1579902597,65,21.44,-157.84,80.01,5.82
Anadyr,90,RU,1579902597,77,64.75,177.48,3.2,2.24
Sokyryany,21,UA,1579902597,82,48.45,27.42,26.01,3.0
Ystad,90,SE,1579902597,100,55.43,13.82,44.6,13.87
Ancud,40,CL,1579902597,63,-41.87,-73.82,64.4,10.29
Nome,1,US,1579902597,68,64.5,-165.41,-9.0,5.97
Erenhot,48,CN,1579902597,80,43.65,111.98,12.33,9.04
Poum,85,NC,1579902597,75,-20.23,164.02,79.18,17.85
Abu Samrah,0,SY,1579902598,52,35.3,37.18,35.74,5.59
Arlit,100,NE,1579902598,8,18.74,7.39,74.39,11.72
Neryungri,79,RU,1579902598,93,56.67,124.65,-20.34,2.62
Honiara,40,SB,1579902391,83,-9.43,159.95,80.6,1.95
Quetigny,90,FR,1579902598,100,47.32,5.12,36.0,1.99
Kasongo-Lunda,60,CD,1579902598,89,-6.47,16.82,71.11,1.57
San Luis Rio Colorado,75,MX,1579902598,27,32.46,-114.78,75.2,5.82
Marrakesh,25,MA,1579902358,76,31.63,-8.01,51.8,3.36
Dickson,75,US,1579902358,81,36.08,-87.39,46.99,13.87
General Roca,0,AR,1579902599,16,-39.03,-67.58,93.2,10.29
Ossora,100,RU,1579902599,90,59.24,163.07,13.48,26.89
Durban,100,ZA,1579902599,78,-29.86,31.03,77.0,4.7
Tasiilaq,100,GL,1579902599,48,65.61,-37.64,21.2,25.28
Monrovia,22,LR,1579902549,85,6.3,-10.8,80.22,7.56
Leh,97,IN,1579902599,80,34.17,77.58,-6.02,3.74
Laas,98,IT,1579902600,73,46.62,10.7,35.01,4.7
Burgersdorp,66,ZA,1579902600,80,-31.0,26.33,59.47,21.74
Bol'shoy Kamen',0,RU,1579902600,69,43.12,132.36,-11.2,4.07
Airai,48,TL,1579902600,88,-8.93,125.41,66.92,3.24
Gimli,20,CA,1579902422,91,50.63,-96.99,21.99,5.01
Pevek,0,RU,1579902600,97,69.7,170.31,-27.85,1.14
Barcelona,83,ES,1579902600,76,41.39,2.16,54.0,6.93
Mar del Plata,75,AR,1579902600,78,-38.0,-57.56,78.01,5.82
Vadlapudi,98,IN,1579902601,85,14.32,79.8,66.88,4.9
Tari,0,NG,1579902601,9,12.41,4.49,72.97,12.35
Alta,40,NO,1579902601,85,69.97,23.27,19.4,8.05
Shasta Lake,40,US,1579902601,62,40.68,-122.37,53.6,3.0
Shenjiamen,100,CN,1579902601,90,29.96,122.3,50.83,22.26
Kidal,100,ML,1579902601,10,18.44,1.41,75.06,9.64
Ponta Delgada,75,PT,1579902601,71,37.73,-25.67,55.4,5.82
Kichmengskiy Gorodok,100,RU,1579902601,96,59.98,45.79,21.36,5.21
Amurzet,0,RU,1579902602,83,47.7,131.1,-8.66,6.76
Aksarka,100,RU,1579902602,97,66.56,67.8,1.13,3.94
Pishin,79,PK,1579902602,96,30.58,67.0,40.28,1.25
Kaniama,100,CD,1579902602,92,-7.57,24.18,68.11,2.82
Bac Lieu,37,VN,1579902602,95,9.29,105.72,72.27,6.62
Nara,75,JP,1579902397,83,34.69,135.8,46.0,3.36
Haines Junction,100,CA,1579902602,98,60.75,-137.51,-5.3,6.49
Malindi,100,KE,1579902603,93,-3.22,40.12,77.74,6.04
Soyo,65,AO,1579902603,81,-6.13,12.37,78.96,2.66
Faxinal,0,BR,1579902603,70,-24.0,-51.32,79.2,4.36
Port Blair,31,IN,1579902603,71,11.67,92.75,79.66,12.75
Saint George,75,US,1579902603,38,37.1,-113.58,57.99,2.21
Ouallam,98,NE,1579902603,9,14.32,2.09,76.19,11.54
Irbeyskoye,100,RU,1579902603,80,55.64,95.45,27.0,4.52
Salinopolis,89,BR,1579902603,82,-0.61,-47.36,82.45,16.89
Mehamn,40,NO,1579902604,78,71.04,27.85,23.0,6.93
Otane,28,NZ,1579902604,53,-39.88,176.63,77.0,8.01
Zhigansk,57,RU,1579902604,96,66.77,123.37,-43.58,9.1
Banjar,20,ID,1579902604,88,-8.19,114.97,80.6,4.7
Cabedelo,75,BR,1579902604,78,-6.98,-34.83,82.4,9.17
Khandyga,80,RU,1579902604,97,62.67,135.6,-43.51,1.79
Bubaque,91,GW,1579902604,68,11.28,-15.83,78.73,12.33
Port-Gentil,20,GA,1579902604,89,-0.72,8.78,84.2,4.7
Naze,40,JP,1579902605,94,28.37,129.48,68.0,4.7
Bermeo,20,ES,1579902605,71,43.42,-2.72,54.0,6.93
San Vicente,0,AR,1579902605,65,-26.62,-54.13,79.0,6.31
Simoes,80,BR,1579902605,69,-7.6,-40.82,78.73,4.9
Arrondissement de Dole,90,FR,1579902605,90,47.08,5.5,42.01,2.13
Baruun-Urt,0,MN,1579902605,86,46.68,113.28,-1.17,7.78
Acapulco de Juarez,20,MX,1579902606,62,16.86,-99.89,86.0,6.93
Khovd,8,MN,1579902606,74,48.01,91.64,-0.24,1.01
Moerai,66,PF,1579902606,78,-22.43,-151.33,80.29,8.97
Balkanabat,100,TM,1579902606,91,39.51,54.37,35.11,6.29
Mandera,99,KE,1579902606,37,3.94,41.87,89.89,9.22
Cache Creek,90,CA,1579902328,93,50.81,-121.32,44.6,25.28
Kikwit,77,CD,1579902606,64,-5.04,18.82,75.43,0.83
Alyangula,100,AU,1579902606,88,-13.85,136.42,82.4,9.17
Kuala Pilah,20,MY,1579902607,83,2.74,102.25,77.0,4.7
Qaqortoq,75,GL,1579902607,85,60.72,-46.03,23.0,14.99
Novyy Urengoy,94,RU,1579902607,96,66.08,76.63,7.59,2.17
Oranjestad,20,AW,1579902607,66,12.52,-70.03,84.2,9.17
Weihe,68,CN,1579902607,86,33.0,105.32,28.04,2.98
Santiago de Cuba,20,CU,1579902607,41,20.02,-75.82,80.6,5.82
Vardo,75,NO,1579902607,85,70.37,31.11,26.6,6.93
Kieta,33,PG,1579902608,75,-6.22,155.63,81.54,4.18
Rockland,1,US,1579902608,45,41.17,-74.05,48.2,4.27
Antofagasta,75,CL,1579902556,61,-23.65,-70.4,77.0,13.87
Miles City,1,US,1579902608,65,46.41,-105.84,48.99,5.82
Sfantu Gheorghe,0,RO,1579902608,77,45.87,25.78,23.0,1.99
Faanui,0,PF,1579902608,78,-16.48,-151.75,82.24,14.47
Cockburn Town,0,TC,1579902609,53,21.46,-71.14,76.26,3.8
Sorland,75,NO,1579902609,58,67.67,12.69,32.0,11.41
Deneysville,100,ZA,1579902609,84,-26.89,28.1,61.09,8.43
Tazovsky,94,RU,1579902609,96,67.47,78.7,2.93,6.58
Alice Springs,11,AU,1579902609,23,-23.7,133.88,75.2,5.82
Hailey,90,US,1579902585,100,43.52,-114.32,35.6,4.7
Kungurtug,1,RU,1579902609,75,50.6,97.52,0.66,4.68
Caledon,4,ZA,1579902609,92,-34.23,19.43,66.0,1.99
Menongue,30,AO,1579902610,80,-14.66,17.69,65.64,3.74
Shushtar,0,IR,1579902610,65,32.05,48.86,51.37,3.15
Hatillo,1,PR,1579902610,74,18.49,-66.83,82.0,9.17
Maracaju,62,BR,1579902610,88,-21.61,-55.17,76.73,5.95
Ngaoundere,0,CM,1579902610,16,7.32,13.58,62.44,4.43
Grindavik,90,IS,1579902610,92,63.84,-22.43,32.0,27.51
Jerusalem,20,IL,1579902610,81,31.77,35.22,46.0,2.24
Amga,0,RU,1579902611,97,60.9,131.96,-39.95,1.45
Westport,1,US,1579902611,52,41.14,-73.36,46.99,8.05
Muros,20,ES,1579902611,81,42.78,-9.06,50.0,3.36
Tabuk,100,PH,1579902611,95,17.42,121.44,68.74,1.68
Jumla,0,NP,1579902611,46,29.27,82.18,21.74,5.86
Chapais,1,CA,1579902611,72,49.78,-74.85,14.0,3.36
Balaipungut,40,ID,1579902611,94,1.05,101.28,77.0,2.3
Cabo San Lucas,90,MX,1579902509,56,22.89,-109.91,72.0,5.86
Karlshamn,77,SE,1579902612,87,56.17,14.86,44.6,9.17
Narsaq,75,GL,1579902612,85,60.92,-46.05,23.0,14.99
Mercedes,23,AR,1579902612,56,-34.65,-59.43,90.0,1.99
Veraval,3,IN,1579902612,36,20.9,70.37,66.67,8.7
Haernoesand,0,SE,1579902612,59,62.63,17.94,36.0,10.29
Havelock,40,US,1579902612,56,34.88,-76.9,69.8,16.11
Margate,75,GB,1579902426,93,51.38,1.39,44.01,8.05
Kovdor,100,RU,1579902612,97,67.57,30.48,6.58,1.63
Vila Franca do Campo,75,PT,1579902612,71,37.72,-25.43,55.4,5.82
Lipnita,0,RO,1579902613,57,44.1,27.6,34.0,1.99
Pontianak,36,ID,1579902613,98,-0.03,109.33,73.27,1.52
Boone,90,US,1579902613,86,39.03,-92.33,35.01,9.17
Ulladulla,75,AU,1579902613,100,-35.35,150.47,69.01,5.82
Tupelo,90,US,1579902613,56,34.26,-88.7,46.4,9.17
Estevan,1,CA,1579902323,100,49.13,-102.98,24.8,12.75
Ikongo,75,MG,1579902613,97,-21.88,47.43,67.53,1.99
Urusha,0,RU,1579902614,97,54.05,122.9,-25.02,0.38
Lieksa,85,FI,1579902614,89,63.32,30.02,27.19,8.7
Araouane,95,ML,1579902614,11,18.9,-3.53,80.42,9.33
Nguru,0,NG,1579902614,11,12.88,10.45,65.46,11.45
Gillette,1,US,1579902614,39,44.29,-105.5,51.01,5.82
Turukhansk,100,RU,1579902615,94,65.82,87.98,17.37,9.35
Shirokiy,0,RU,1579902615,93,49.76,129.52,-18.44,1.77
Griffith,90,US,1579902522,100,41.53,-87.42,39.2,1.81
High Level,90,CA,1579902615,92,58.52,-117.14,19.4,3.36
Vilhena,20,BR,1579902615,74,-12.74,-60.15,82.4,9.17
Lahaina,20,US,1579902615,65,20.88,-156.68,80.6,5.82
Cloquet,100,US,1579902603,86,46.72,-92.46,33.01,5.82
Gomel,90,BY,1579902616,100,52.43,30.98,33.8,11.18
Yur'yev-Pol'skiy,100,RU,1579902616,93,56.5,39.68,32.16,11.65
Shakawe,21,BW,1579902616,57,-18.37,21.85,75.0,3.53
Touros,75,BR,1579902616,74,-5.2,-35.46,82.4,6.93
Santo Domingo,40,DO,1579902616,74,18.5,-69.99,82.4,6.93
Sumkino,75,RU,1579902616,98,58.11,68.32,2.61,5.73
Saint-Francois,2,FR,1579902616,94,46.42,3.91,36.0,4.7
Ende,74,ID,1579902592,73,-8.84,121.66,82.6,2.19
Lewiston,1,US,1579902616,60,44.1,-70.21,39.2,4.7
Lorengau,9,PG,1579902617,68,-2.02,147.27,83.62,5.19
Bhandara,0,IN,1579902617,82,21.17,79.65,62.6,6.2
Pidhorodne,75,UA,1579902617,65,48.58,35.11,32.0,13.42
Fomboni,100,KM,1579902617,85,-12.28,43.74,80.2,14.2
Pangody,93,RU,1579902617,96,65.85,74.49,5.74,1.88
Tarko-Sale,100,RU,1579902617,87,64.92,77.78,7.0,13.71
Pitea,24,SE,1579902617,92,65.32,21.48,30.99,2.24
Wilmington,90,US,1579902326,77,34.23,-77.94,68.0,5.82
Murgab,7,TM,1579902618,86,37.5,61.97,37.4,4.7
Oddur,100,SO,1579902618,63,4.12,43.89,79.84,16.4
Lumberton,90,US,1579902571,72,34.62,-79.01,66.2,14.36
Pipraich,74,IN,1579902618,79,26.83,83.53,50.27,3.94
Orje,32,NO,1579902618,60,59.48,11.66,39.2,8.05
Arrondissement de Saint-Gaudens,90,FR,1579902618,93,43.08,0.67,50.0,3.36
Henties Bay,0,NA,1579902618,92,-22.12,14.28,66.0,1.99
Lata,20,PT,1579902618,87,40.16,-8.33,53.01,5.82
Rocha,0,UY,1579902446,41,-34.48,-54.33,84.27,6.35
Ibra,28,OM,1579902619,75,22.69,58.53,66.42,4.97
Xinyang,100,CN,1579902606,96,32.12,114.07,37.83,14.5
Sakakah,11,SA,1579902619,68,29.97,40.21,39.2,10.29
Gbarnga,39,LR,1579902619,28,7.0,-9.47,75.67,1.7
Cobija,20,BO,1579902619,59,-11.03,-68.77,93.2,4.85
Saint-Pierre,100,RE,1579902620,100,-21.34,55.48,80.6,23.04
Ciudad Lazaro Cardenas,0,MX,1579902620,57,17.96,-102.2,82.9,8.48
Phek,0,IN,1579902620,97,25.67,94.5,34.41,0.63
Tingo Maria,20,PE,1579902620,59,-9.29,-76.01,89.6,4.7
Pasinler,0,TR,1579902620,84,39.98,41.68,-2.2,3.36
Sawakin,33,SD,1579902620,60,19.11,37.33,72.28,13.4
Kysyl-Syr,60,RU,1579902620,98,63.9,122.76,-43.76,6.2
Sedam,93,IN,1579902621,54,17.18,77.28,68.27,5.79
Ryotsu,75,JP,1579902621,63,38.08,138.43,39.2,2.24
Vestmannaeyjar,100,IS,1579902621,90,63.44,-20.27,35.06,24.67
Barra Patuca,0,HN,1579902621,66,15.8,-84.28,77.49,11.18
Cayenne,40,GF,1579902441,69,4.93,-52.33,82.4,9.17
Lixouri,100,GR,1579902621,71,38.2,20.43,57.65,3.6
Teahupoo,20,PF,1579902621,74,-17.83,-149.27,86.0,6.93
Vesele,100,UA,1579902621,67,47.01,34.91,35.53,16.22
Keti Bandar,87,PK,1579902621,59,24.14,67.45,68.07,8.84
Saint-Augustin,0,CA,1579902622,73,51.23,-58.65,6.19,13.8
Bairiki Village,75,KI,1579902622,74,1.33,172.98,87.8,5.82
Changping,0,CN,1579902622,92,40.22,116.22,26.01,4.47
Riyadh,0,SA,1579902622,34,24.69,46.72,53.6,9.17
Savonlinna,35,FI,1579902622,92,61.87,28.92,28.4,10.29
Skibbereen,90,IE,1579902622,100,51.55,-9.27,42.8,3.36
Buraidah,0,SA,1579902481,52,26.33,43.98,46.4,9.17
Itoman,75,JP,1579902622,88,26.12,127.67,71.6,12.75
Maicao,51,CO,1579902623,63,11.38,-72.24,82.94,12.3
Bozova,0,TR,1579902623,49,37.36,38.53,32.0,17.22
Houma,1,US,1579902623,25,29.6,-90.72,66.2,11.41
Port Keats,48,AU,1579902623,88,-14.25,129.55,82.78,7.0
Nueve de Julio,7,AR,1579902623,24,-35.44,-60.88,98.56,12.1
Rosiile,0,RO,1579902623,79,44.87,23.93,30.99,5.82
Kavaratti,67,IN,1579902623,73,10.57,72.64,81.18,4.72
Sunrise Manor,1,US,1579902623,33,36.21,-115.07,66.2,3.22
Zhangjiakou,0,CN,1579902624,82,40.81,114.88,10.51,3.51
Hirara,75,JP,1579902624,100,24.8,125.28,69.8,6.93
Charters Towers,100,AU,1579902624,79,-20.1,146.27,77.94,1.23
Omboue,39,GA,1579902624,92,-1.57,9.26,76.95,2.53
Berlevag,40,NO,1579902624,92,70.86,29.09,17.6,4.7
Krasnovishersk,93,RU,1579902624,96,60.41,57.08,8.2,3.69
Venado Tuerto,100,AR,1579902624,58,-33.75,-61.97,88.0,4.0
Aksu,100,CN,1579902624,82,41.12,80.26,22.44,2.19
Clemmons,90,US,1579902625,87,36.02,-80.38,60.8,11.41
Salalah,13,OM,1579902625,73,17.02,54.09,77.0,4.7
Nehe,22,CN,1579902625,87,48.48,124.83,-12.75,3.8
Kamaishi,0,JP,1579902625,56,39.27,141.88,26.98,6.62
Hobyo,26,SO,1579902625,81,5.35,48.53,79.05,19.53
Taunggyi,19,MM,1579902625,72,20.78,97.03,49.84,5.12
Klaksvik,100,FO,1579902625,93,62.23,-6.59,39.2,13.87
Amahai,59,ID,1579902626,74,-3.33,128.92,81.91,6.33
Manakara,37,MG,1579902626,93,-22.13,48.02,71.47,3.96
Grand Baie,75,MU,1579902626,100,-20.02,57.58,78.8,14.99
Comodoro Rivadavia,67,AR,1579902626,24,-45.87,-67.5,82.4,31.09
Arman,0,RU,1579902626,85,59.7,150.17,-14.19,11.43
Teguldet,100,RU,1579902626,96,57.31,88.17,28.69,7.7
Carbonia,0,IT,1579902627,100,39.17,8.52,55.0,5.82
Tulagi,40,SB,1579902627,83,-9.1,160.15,80.6,7.63
Baykit,100,RU,1579902627,97,61.67,96.37,9.1,2.33
Pangoa,100,PE,1579902627,84,-12.12,-73.0,76.51,1.12
Kabanjahe,40,ID,1579902627,100,3.1,98.49,77.0,3.36
Gigmoto,33,PH,1579902627,80,13.78,124.39,80.56,18.81
Fairbanks,90,US,1579902627,83,64.84,-147.72,-0.4,2.62
Chernyshevskiy,100,RU,1579902627,98,63.01,112.47,-13.47,6.24
Bafata,95,GW,1579902627,38,12.17,-14.75,80.69,8.23
Tautira,20,PF,1579902628,74,-17.73,-149.15,86.0,6.93
College,90,US,1579902628,83,64.86,-147.8,1.4,3.42
Cordele,40,US,1579902628,68,31.96,-83.78,69.8,4.7
Palana,100,RU,1579902628,96,59.12,159.97,-6.23,4.61
Maputo,75,MZ,1579902628,69,-25.97,32.59,79.0,9.17
Henderson,1,US,1579902425,33,36.04,-114.98,66.2,3.22
Tiarei,20,PF,1579902628,74,-17.53,-149.33,86.0,6.93
Quatre Cocos,75,MU,1579902629,100,-20.21,57.76,78.8,14.99
Sinegorsk,40,RU,1579902629,75,47.17,142.5,-13.0,5.14
Viedma,52,AR,1579902629,17,-40.81,-63.0,83.71,0.98
Ilhabela,0,BR,1579902580,78,-23.78,-45.36,76.6,13.24
Oranjemund,1,NA,1579902629,80,-28.55,16.43,66.72,1.74
Dzialdowo,90,PL,1579902629,100,53.24,20.17,35.6,8.05
Yerbogachen,100,RU,1579902629,96,61.28,108.01,2.3,5.79
Graham,90,US,1579902629,100,47.05,-122.29,54.0,16.11
Bosaso,31,SO,1579902630,76,11.28,49.18,76.98,3.94
Viru,40,PE,1579902630,78,-8.42,-78.75,78.8,13.87
Wamba,0,NG,1579902630,10,8.93,8.6,69.35,5.26
Nuevo Progreso,70,MX,1579902630,75,23.17,-97.95,73.0,8.01
Fengxian,100,CN,1579902630,79,34.7,116.59,41.0,4.83
Tonj,23,SS,1579902630,20,7.27,28.68,70.03,5.41
Hasaki,75,JP,1579902352,69,35.73,140.83,39.0,6.93
Rome,1,US,1579902567,41,43.21,-75.46,48.0,8.05
Marawi,4,PH,1579902630,92,8.0,124.29,75.99,1.01
Mandalgovi,0,MN,1579902631,59,45.76,106.27,7.56,7.58
Manokwari,29,ID,1579902631,77,-0.87,134.08,72.16,2.89
Manyana,65,BW,1579902631,80,-23.4,21.72,67.39,16.42
Bay Roberts,40,CA,1579902631,68,47.6,-53.26,27.0,12.75
Benguela,85,AO,1579902631,79,-12.58,13.41,78.35,4.14
Sikasso,72,ML,1579902631,10,10.92,-7.0,78.53,6.29
Rodrigues Alves,20,BR,1579902631,62,-7.74,-72.65,87.8,3.36
Ambon,20,ID,1579902632,88,-3.7,128.18,75.2,9.17
Lipari,40,IT,1579902632,82,38.47,14.95,59.0,9.17
